id;first_name;last_name;gender;email;phone;address_line_1;address_line_2;city;country;user_id
1;Alfredo;Gleason;OTHER;Y;,,,9R^;+;3vNb`Vh>6If^SU]"U@i.E4VG2NtQ9/lbUD19k$D`*6K'!P*UQw?x8'Tu93Q`D*%kji?}kVCxFa;jgM`;bzTZy5#-5Ne&g~V%c]kl;(154) 495-2560 x7322;cross-platform Point Orchestrator;Solomon Islands Licensed;Corwinborough;Lithuania;1
2;Maurice;Bauch;MALE;d1(#dBOs:uZ\nJ"-5:MUgxh`Pefs%r\NG$9Y$%;BqdgR13HMtZ,H~g|Gf3K6/w3<i2@5jy5l%2p8~u_mFF{?<'NOiGxhkhUnwyGLLV<j!xpA{.;9qzm1Z]LC!n~xsY;#iV=;G?(he:M\$.G>jjvEQZ[;(196) 335-9816;bandwidth azure;SMS Enhanced;Chanelfort;Wallis and Futuna;2
3;Jose;Lehner;MALE;M35SHWxY/=uIpKbg%,66T(zx4Ai5;GOaAy]nl~m>U4koF@Td!Dz?PjAS#JYz6kV_oU|1=h\m\6D1.18q%e-o:"Ty;E_e(=:.U*IW,_U!~~9^1yETm~{"pGv?xJHZ;(613) 237-7888 x84786;Unbranded Cheese Dynamic;Alabama transform;Ondrickashire;Albania;1
4;Carolina;Gutmann;OTHER;g?H%M|0]R)lN]|v_mqmXmZ-[pXWpC{XT3_'4Zz\y[.Ugdw=[GG@cg&qmI;6#_~[`HHcDQLJ.%;nw~0MJz/yzcR%?1o?R{"C!i(C;(317) 367-8763 x550;turn-key dedicated;Wisconsin;Huelport;Togo;2
5;London;Kemmer;MALE;,blzDTMs}ug@2>n<NLzx%X$BZPvU[l>Io[MHH;H7w-+~X5\#L="}2mH|+M\[h</|IpnPPCN)#M0Y3%&1zYm{GzlKYC!4MnP.e!*5"Q>D-y7;0}yg9.$$sqaw-'x{hSYi:Qa}:XGD]*$C6K9~sCq&".NDa)U8vY+*3'Kn&n"R'hF-S=^U+S9-VwbK.M/U.5p-$QC-~xXRyEq6e%hJ$jag`;076.019.9492 x983;Automotive Tactics architectures;Wisconsin Facilitator Incredible;West Claud;Svalbard & Jan Mayen Islands;1
6;Emile;Kuhic;OTHER;mA}xIS@HF7_b:sjSCgWvPo6P!I))v$vR!r`DPLCQ=3ltEP"[?(sc2+&c>dq+usY]1fA>~;"X3K7>.L)xIE:CZ'2d$`q"&`5i-7tw2gJ+,jxdJA{HI(rakn!9):xbr)\jV6hf:}vV`F;~|?H\Zn%]Des"J$701NCVcX/^2Ve7b;(026) 693-1252;portal calculating Metal;real-time discrete redundant;Gaylordhaven;Namibia;2
7;Arnaldo;Langosh;MALE;~5q|]7-u$C@H~aN7aYk#{BPay(}T-#g%iJXtf.e}ZmQpY:4PL?FbF1O=b]|qQtRFQ\~-MAx{j!;708.830.3504;Argentine Peso implementation;Wallis and Futuna;Lake Lance;Sweden;1
8;Demarco;Bashirian;FEMALE;V6=;Ehs|DzX3'A>Z/g65uVNwpJC@^V65nGn^VOGc({G!ie'f+z}}D]|hv2M0w75al6MaKS^J\H9UcXq:y:UQ_dWrV.(7HC'&FM.Z:Z[B4;o=2*9bC]^4*"]/Q*CK0zDyY|h';722-964-0801 x54566;panel;Analyst card Licensed Cotton Ball;South Natalie;Belarus;1
9;Alda;Denesik;FEMALE;j#L2,_BWHCJ-)|\d2\nrEz*}B|gnGL'u)q#J-LKvtg@iyy[47M!fKRI0|Mi)FlZbVjPXUnuLN2#ZpE)9eDY|s_k/}rE.gQw9l)Hr;%K79B:sEO{2j>k/%#N:LxlsH=9grX"1+:cjBKR-z;(250) 716-9269;alarm Jamaica;system Gorgeous Rubber Pants;Lake Blanchetown;Grenada;1
10;Audreanne;Bayer;OTHER;NvyZF=4>A1W$[*cX`g66~J5-F;u@)E]0[n]v^tTqM]z00^cmant8-U~=B2Swm&\YNh[,tv4IA6|&bPgQYkN.F1jDf6EwD**U;484.314.4630 x6968;explicit;Personal Loan Account;Jevonhaven;Maldives;2
